Name,Address,City,State,Zip,AOR,Type Detailed,Male/Female,FY25 ALOS,Level A,Level B,Level C,Level D,Male Crim,Male Non-Crim,Female Crim,Female Non-Crim,ICE Threat Level 1,ICE Threat Level 2,ICE Threat Level 3,No ICE Threat Level,Mandatory,Guaranteed Minimum,Last Inspection Type,Last Inspection End Date,Pending FY25 Inspection,Last Inspection Standard,Last Final Rating
ALAMANCE COUNTY DETENTION FACILITY,109 SOUTH MAPLE STREET,GRAHAM,NC,27253,ATL,IGSA,Male,3,8,3,7,6,13,10,0,1,1,0,0,23,20,40,ODO,9/19/2024,,NDS 2019,Pass
FCI ATLANTA,"601 MCDONOUGH BOULEVARD, SE",ATLANTA,GA,30315,ATL,BOP,Female/Male,17,32,38,13,5,32,56,0,0,1,1,1,86,61,,,,,,
FOLKSTON ANNEX IPC,3424 HIGHWAY 252 EAST,FOLKSTON,GA,31537,ATL,DIGSA,Male,46,172,52,46,17,75,211,0,0,6,6,8,266,209,338,ODO,1/30/2025,,PBNDS 2011 - 2016 Revised,Pass
FOLKSTON D RAY ICE PROCESSING CTR,3262 HIGHWAY 252,FOLKSTON,GA,31537,ATL,DIGSA,,9,32,12,2,0,5,40,0,0,0,1,3,41,20,,,,,,
FOLKSTON MAIN IPC,3026 HWY 252 EAST,FOLKSTON,GA,31537,ATL,DIGSA,Male,43,321,197,104,50,197,475,0,1,14,16,23,620,485,544,ODO,,,PBNDS 2011 - 2016 Revised,Pass
FLOYD COUNTY JAIL,2526 NEW CALHOUN HWY,ROME,GA,30161,ATL,USMS IGA,Female/Male,3,1,2,0,0,1,2,0,0,0,0,0,3,1,,,,,,
LEXINGTON COUNTY JAIL,521 GIBSON ROAD,LEXINGTON,SC,29072,ATL,USMS IGA,Female/Male,2,1,2,1,0,2,2,0,1,0,0,0,5,4,,ODO,8/7/2025,,FPBDS,Pass
ROBERT A DEYTON DETENTION FACILITY,11866 HASTINGS BRIDGE ROAD P.O. BOX 429,LOVEJOY,GA,30250,ATL,USMS CDF,Female/Male,2,2,2,2,1,3,3,0,0,0,0,0,6,6,,ODO,,Scheduled,NDS 2019,Pass
STEWART DETENTION CENTER,146 CCA ROAD,LUMPKIN,GA,31815,ATL,DIGSA,Female/Male,52,791,380,440,310,748,933,52,188,175,111,99,"1,536","1,456","1,600",ODO,3/20/2025,,PBNDS 2011 - 2016 Revised,Pass
ALLEGANY COUNTY JAIL,4884 STATE ROUTE 19,BELMONT,NY,14813,BUF,IGSA,Female/Male,12,5,0,0,0,0,1,0,4,0,0,0,6,3,,,,,,
BERLIN FED. CORR. INST.,1 SUCCESS LOOP DR.,BERLIN,NH,3570,BOS,BOP,Male,48,78,11,23,23,32,102,0,0,7,2,6,119,84,,,,,,
BOONE COUNTY JAIL,3020 CONRAD LANE,BURLINGTON,KY,41005,CHI,USMS IGA,Female/Male,39,46,29,42,52,115,49,4,1,31,13,10,115,130,,ODO,11/21/2024,,NDS 2019,Pass
BOURBON CO DET CENTER,"BOURBON CO COURTHOUSE, MAIN STREET",PARIS,KY,40361,CHI,IGSA,Female/Male,5,1,0,0,0,1,1,0,0,0,0,0,2,2,,,,,,
BROOKLYN MDC,100 29TH STREET,BROOKLYN,NY,11232,NYC,BOP,Female/Male,24,22,3,0,0,6,19,0,0,0,1,2,23,14,,,,,,
BROOME COUNTY JAIL,897 FRONT STREET,BINGHAMPTON,NY,13905,BUF,IGSA,Female/Male,8,9,0,0,0,1,9,0,0,0,0,1,9,5,,,,,,
BUFFALO SERVICE PROCESSING CENTER,4250 FEDERAL DRIVE,BATAVIA,NY,14020,BUF,SPC,Male,45,332,52,122,131,248,390,0,0,80,16,18,524,449,400,ODO,10/31/2024,,PBNDS 2011 - 2016 Revised,Pass
BUTLER COUNTY JAIL,705 HANOVER STREET,HAMILTON,OH,45011,DET,USMS IGA,Female/Male,29,98,26,26,8,36,106,2,13,5,6,10,137,116,,ODO,,,NDS 2019,Pass
CALHOUN COUNTY CORRECTIONAL CENTER,185 EAST MICHIGAN AVENUE,BATTLE CREEK,MI,49014,DET,IGSA,Female/Male,41,84,31,30,14,47,93,4,15,10,5,12,132,134,75,ODO,8/22/2024,,NDS 2019,Pass
CAMPBELL CO DET CTR,601 CENTRAL AVE,NEWPORT,KY,41071,CHI,USMS IGA,Female/Male,35,29,10,9,4,19,27,1,5,3,3,4,42,34,,,,,,
CHASE COUNTY JAIL,301 SOUTH WALNUT STREET,COTTONWOOD FALL,KS,66845,CHI,IGSA,Female/Male,22,35,23,33,16,54,44,4,5,8,4,7,87,92,,ODO,3/13/2025,,NDS 2019,Pass
CHIPPEWA COUNTY SSM,325 COURT STREET,SAULT STE MARIE,MI,49783,DET,IGSA,Male,46,16,5,7,5,11,22,0,0,3,1,1,27,28,,ODO,4/3/2025,,NDS 2019,Pass
CHITTENDEN REGIONAL CORRECTIONAL FACILITY,7 FARRELL STREET,SOUTH BURLINGTON,VT,5403,BOS,USMS IGA,Female/Male,4,4,0,0,0,0,0,0,4,0,0,0,4,2,,ORSA,4/24/2025,,ORSA NDS 2019,Pass
CLARK COUNTY JAIL (IN),501 EAST COURT AVE.,JEFFERSONVILLE,IN,47130,CHI,USMS IGA,Female/Male,32,18,8,5,4,3,7,8,16,3,2,2,27,24,,,,,,
CLAY COUNTY JUSTICE CENTER,611 EAST JACKSON STREET,BRAZIL,IN,47834,CHI,USMS IGA,Female/Male,16,75,29,88,64,135,110,7,6,25,8,11,213,190,,ODO,6/27/2024,,NDS 2019,Pass
CLINTON COUNTY CORRECTIONAL FACILITY,58 PINE MOUNTAIN RD.,MCELHATTAN,PA,17748,PHI,USMS IGA,Female/Male,47,9,26,31,19,66,11,4,3,24,6,1,53,68,,ODO,1/16/2025,,NDS 2019,Pass
CLINTON COUNTY JAIL,25 MCCARTHY DRIVE,PLATTSBURGH,NY,12901,BUF,USMS IGA,Female/Male,10,3,1,2,0,0,1,1,3,0,0,1,4,4,,ODO,6/6/2024,Scheduled,NDS 2019,Pass
CLINTON COUNTY JAIL,301 E WALNUT STREET,FRANKFORT,IN,46041,CHI,USMS IGA,Female/Male,24,4,1,1,2,3,4,0,1,1,0,0,7,6,,,,,,
CORR. CTR OF NORTHWEST OHIO,"3151 ROAD 24.25, ROUTE 1",STRYKER,OH,43557,DET,USMS IGA,Male,33,27,4,5,2,7,17,1,12,3,1,1,34,29,,,,,,
CUMBERLAND COUNTY JAIL,50 COUNTY WAY,PORTLAND,ME,4102,BOS,USMS IGA,Female/Male,44,7,1,28,19,21,20,5,9,8,1,4,42,41,,ODO,9/12/2024,Scheduled,NDS 2019,Pass
DELANEY HALL DETENTION FACILITY,451 DOREMUS AVENUE,NEWARK,NJ,7105,NEW,CDF,Female/Male,20,170,43,15,7,31,184,2,18,1,3,9,221,131,700,,8/28/2025,,PBNDS 2011 - 2016 Revised,
DODGE COUNTY JAIL,215 WEST CENTRAL STREET,JUNEAU,WI,53039,CHI,USMS IGA,Female/Male,36,13,13,45,38,81,27,0,1,16,7,5,80,90,,ODO,4/3/2025,,NDS 2019,Pass
ELIZABETH CONTRACT DETENTION FACILITY,625 EVANS STREET,ELIZABETH,NJ,7201,NEW,CDF,Female/Male,17,122,137,27,11,65,214,2,17,6,8,11,272,206,285,ODO,12/5/2024,,PBNDS 2011 - 2016 Revised,Pass
ERIE COUNTY JAIL,DEPARTMENT OF CORRECTIONS 1618 ASH STREET,ERIE,PA,16503,PHI,USMS IGA,Male,9,8,3,2,1,2,11,0,0,0,0,0,13,9,,ORSA,5/12/2025,,ORSA NDS 2019,Pass
FAYETTE COUNTY DETENTION CENTER,600 OLD FRANKFORD CR,LEXINGTON,KY,40510,CHI,USMS IGA,Female/Male,2,0,0,1,1,1,1,0,0,0,0,0,2,1,,ODO,9/12/2024,Scheduled,NDS 2019,Pass
FDC PHILADELPHIA,700 ARCH ST.,PHILADELPHIA,PA,19106,PHI,BOP,Female/Male,10,36,8,8,10,22,40,0,0,2,0,0,59,41,,,,,,
GEAUGA COUNTY JAIL,12450 MERRITT DR,CHARDON,OH,44024,DET,USMS IGA,Female/Male,46,25,9,5,2,12,20,1,8,2,2,1,37,34,,ODO,1/30/2025,,NDS 2019,Pass
GRAYSON COUNTY JAIL,320 SHAW STATION ROAD,LEITCHFIELD,KY,42754,CHI,USMS IGA,Female/Male,20,39,8,17,8,5,3,21,43,6,3,4,59,54,,ODO,8/21/2025,,NDS 2019,Pass
GREENE COUNTY JAIL,1199 N HASELTINE RD,SPRINGFIELD,MO,65802,CHI,USMS IGA,Female/Male,21,66,20,35,22,56,71,4,11,6,4,5,127,114,,,,,,
HOPKINS COUNTY JAIL,2250 LAFOON TRAIL,MADISONVILLE,KY,42431,CHI,USMS IGA,Female/Male,32,22,7,18,5,20,27,0,4,5,3,3,41,38,,,,,,
KAY CO JUSTICE FACILITY,1101 WEST DRY ROAD,NEWKIRK,OK,74647,CHI,IGSA,Female/Male,23,45,31,26,16,58,60,0,0,9,4,8,97,99,,ODO,3/6/2025,,NDS 2019,Pass
KENTON COUNTY JAIL,3000 DECKER CRANE LANE,COVINGTON,KY,41017,CHI,IGSA,Male,22,13,5,7,1,11,13,0,0,1,2,4,18,15,,,,,,
LAUREL COUNTY CORRECTIONAL CENTER,440 HAMMOCK ROAD,LONDON,KY,40744,CHI,USMS IGA,Female/Male,3,1,1,0,0,1,1,0,1,0,0,0,2,2,,,,,,
LEAVENWORTH US PENITENTIARY,1300 METROPOLITAN AVE.,LEAVENWORTH,KS,66048,CHI,BOP,Male,30,13,5,9,13,28,13,0,0,11,3,2,24,39,,,,,,
MAHONING COUNTY JAIL,110 FIFTH AVENUE,YOUNGSTOWN,OH,44503,DET,USMS IGA,Female/Male,18,33,4,3,3,6,27,1,9,2,2,1,39,29,,,,,,
MARION COUNTY JAIL,695 JUSTICE WAY,INDIANAPOLIS,IN,46203,CHI,USMS IGA,Female/Male,19,22,10,13,9,24,29,0,0,3,2,2,46,41,,ORSA,,,ORSA NDS 2019,Pass
MONROE COUNTY DETENTION-DORM,7000 EAST DUNBAR ROAD,MONROE,MI,48161,DET,IGSA,Male,39,80,21,4,3,16,91,0,0,2,2,5,98,85,,ODO,3/13/2025,,NDS 2019,Pass
BLUEBONNET DETENTION FACILITY,400 2ND STREET,ANSON,TX,79501,DAL,DIGSA,Male,27,447,176,244,106,349,550,13,60,65,46,69,792,700,750,ODO,12/12/2024,,PBNDS 2011 - 2016 Revised,Pass
DALLAS COUNTY JAIL - LEW STERRETT JUSTICE CENTER,111 WEST COMMERCE STREET,DALLAS,TX,75202,DAL,USMS IGA,Female/Male,1,7,0,0,0,3,4,0,0,0,0,0,7,4,,ODO,7/18/2024,,NDS 2019,Pass
EDEN DETENTION CTR,702 E BROADWAY ST,EDEN,TX,76837,DAL,USMS IGA,Male,24,107,20,3,1,19,111,0,0,2,1,3,124,81,,ODO,2/27/2025,,NDS 2019,Pass
LOGAN COUNTY JAIL,216 S BROAD ST,GUTHRIE,OK,73044,DAL,USMS IGA,Female/Male,3,2,0,0,0,1,2,0,0,0,0,0,3,1,,ORSA,5/13/2025,,ORSA FPBDS,Pass
LUBBOCK COUNTY DETENTION CENTER,811 MAIN STREET,LUBBOCK,TX,79401,DAL,USMS IGA,Female/Male,2,1,1,0,0,1,2,0,0,0,0,0,2,1,,ORSA,3/26/2024,,ORSA NDS 2019,Pass
CIMMARRON CORR FACILITY,3700 S. KINGS HWY,CUSHING,OK,74023,DAL,USMS IGA,,20,99,26,16,14,47,107,0,0,8,2,4,140,114,,,,,,
PRAIRIELAND DETENTION CENTER,1209 SUNFLOWER LN,ALVARADO,TX,76009,DAL,DIGSA,Female/Male,22,378,107,218,126,281,471,27,50,73,45,38,673,611,525,ODO,12/19/2024,,PBNDS 2011 - 2016 Revised,Pass
TULSA COUNTY JAIL (DAVID L. MOSS JUSTICE CTR),300 NORTH DENVER AVENUE,TULSA,OK,74103,DAL,IGSA,Female/Male,6,36,13,8,4,19,37,1,4,1,1,1,58,37,,ODO,9/19/2024,,NDS 2019,Pass
DENVER CONTRACT DETENTION FACILITY,3130 OAKLAND ST,AURORA,CO,80010,DEN,CDF,Female/Male,64,553,227,238,163,329,776,20,55,94,41,52,994,816,600,ODO,2/13/2025,,PBNDS 2011 - 2016 Revised,Pass
NATRONA COUNTY JAIL,1100 BRUCE LANE,CASPER,WY,82601,DEN,USMS IGA,Female/Male,5,4,1,1,1,2,5,0,0,1,1,0,6,5,,ORSA,7/31/2025,,ORSA NDS 2019,Pass
SWEETWATER COUNTY JAIL,50140 UNITED STATES HIGHWAY 191 SOUTH,ROCK SPRINGS,WY,82935,DEN,USMS IGA,Female/Male,6,1,2,1,0,3,2,0,0,1,0,1,4,3,,ODO,5/8/2025,,NDS 2019,Pass
MONTGOMERY COUNTY JAIL,PARK STREET,FONDA,NY,12068,BUF,IGSA,Female/Male,2,1,0,0,0,0,1,0,0,0,0,0,2,1,,,,,,
MOSHANNON VALLEY PROCESSING CENTER,555 GEO DRIVE,PHILIPSBURG,PA,16866,PHI,DIGSA,Female/Male,60,363,114,531,395,693,663,25,23,182,61,72,"1,089","1,047",800,ODO,3/6/2025,,PBNDS 2011 - 2016 Revised,Pass
NASSAU COUNTY CORRECTIONAL CENTER,100 CARMAN AVENUE,EAST MEADOW,NY,11554,NYC,USMS IGA,Female/Male,2,9,1,1,1,4,9,0,0,0,0,0,13,10,,,,,,
NIAGARA COUNTY JAIL,5526 NIAGARA STREET EXTENTION,LOCKPORT,NY,14094,BUF,USMS IGA,Female/Male,7,3,0,0,0,0,0,0,3,0,0,0,3,1,,,,,,
NORTH LAKE CORRECTIONAL F,1805 W 32ND ST,BALDWIN,MI,49304,DET,CDF,Female/Male,22,95,7,9,5,19,95,0,1,5,3,5,103,74,"1,800",,,,,
NORTHEAST OHIO CORRECTIONAL CENTER,2240 HUBBARD ROAD,YOUNGSTOWN,OH,44505,DET,USMS IGA,Male,25,71,23,19,11,34,89,0,0,7,4,5,107,90,,,,,,
NORTHERN REGIONAL JAIL,"RD. 2, BOX 1",MOUNDSVILLE,WV,26041,PHI,IGSA,Female/Male,7,5,1,1,0,1,6,0,0,0,0,0,7,4,,,,,,
NORTHWEST STATE CORRECTIONAL CENTER,3649 LOWER NEWTON ROAD,SWANTON,VT,5488,BOS,USMS IGA,Female/Male,6,8,0,0,0,1,8,0,0,0,0,0,9,6,,ODO,7/31/2025,,OASIP ND 2019,Pass
OLDHAM COUNTY DETENTION CENTER,3405 W HWY 146,LA GRANGE,KY,40031,CHI,USMS IGA,Female/Male,15,26,9,13,11,31,26,0,2,5,4,4,46,43,,ODO,5/28/2025,,NDS 2019,Pass
ORANGE COUNTY JAIL (NY),110 WELLS FARM ROAD,GOSHEN,NY,10924,NYC,IGSA,Male,46,38,21,36,32,78,49,0,0,12,13,9,93,87,,ODO,12/12/2024,,NDS 2019,Pass
OZARK COUNTY SHERIFF'S OFFICE,1818 COUNTY ROAD 806,GAINESVILLE,MO,65655,CHI,IGSA,,2,2,1,1,1,3,2,0,0,0,0,0,4,4,,,,,,
CIBOLA COUNTY CORRECTIONAL CENTER,2000 CIBOLA LOOP,MILAN,NM,87021,ELP,IGSA,Male,42,133,52,24,11,38,183,0,0,6,3,5,207,179,,ODO,2/27/2025,,PBNDS 2011 - 2016 Revised,Pass
EL PASO SERVICE PROCESSING CENTER,8915 MONTANA AVE.,EL PASO,TX,79925,ELP,SPC,Female/Male,21,365,195,171,95,295,304,70,159,86,64,91,586,661,450,ODO,2/13/2025,,PBNDS 2011 - 2016 Revised,Pass
DOD DETENTION FACILITY AT FORT BLISS,6920 DIGITAL RD,EL PASO,TX,79936,ELP,DOD,Female/Male,7,57,20,19,11,30,74,0,2,9,5,9,83,35,,,,,,
OTERO COUNTY PROCESSING CENTER,26 MCGREGOR RANGE ROAD,CHAPARRAL,NM,88081,ELP,DIGSA,Female/Male,34,669,119,62,33,180,541,13,148,27,27,44,783,702,500,ODO,11/7/2024,,PBNDS 2011 - 2016 Revised,Pass
"TORRANCE/ESTANCIA, NM",209 COUNTY ROAD 49,ESTANCIA,NM,87016,ELP,IGSA,Male,40,369,81,5,3,68,390,0,0,4,4,20,430,319,505,ODO,10/24/2024,,PBNDS 2011 - 2016 Revised,Pass
COASTAL BEND DETENTION FACILITY,4909 FM 2826,ROBSTOWN,TX,78380,HLG,USMS IGA,Male,5,21,7,6,2,8,24,1,3,1,2,2,31,32,,ODO,2/6/2025,,NDS 2019,Pass
EAST HIDALGO DETENTION CENTER,1330 HIGHWAY 107,LA VILLA,TX,78562,HLG,USMS IGA,Female/Male,4,5,2,2,1,5,4,0,1,2,1,1,6,9,,ORSA,8/22/2024,,ORSA NDS 2019,Pass
EL VALLE DETENTION FACILITY,1800 INDUSTRIAL DRIVE,RAYMONDVILLE,TX,78580,HLG,DIGSA,Female/Male,34,652,62,83,55,153,299,26,374,38,24,28,764,609,600,ODO,3/6/2025,,PBNDS 2011 - 2016 Revised,Pass
LAREDO PROCESSING CENTER,4702 EAST SAUNDERS STREET,LAREDO,TX,78041,HLG,DIGSA,Female/Male,34,333,13,13,9,1,5,27,335,6,6,12,344,237,,ODO,3/20/2025,,NDS 2019,Pass
PORT ISABEL SPC,27991 BUENA VISTA BOULEVARD,LOS FRESNOS,TX,78566,HLG,SPC,Female/Male,12,"1,007",48,18,15,176,908,1,2,33,39,74,941,781,650,ODO,3/27/2025,,PBNDS 2011 - 2016 Revised,Pass
RIO GRANDE DETENTION CENTER,1001 SAN RIO BOULEVARD,LAREDO,TX,78046,HLG,USMS CDF,Male,39,607,23,1,1,50,581,0,0,4,11,32,585,434,275,ODO,1/9/2025,,NDS 2019,Pass
WEBB COUNTY DETENTION CENTER (CCA),9998 SOUTH HIGHWAY 83,LAREDO,TX,78041,HLG,DIGSA,Female/Male,32,280,10,45,53,57,303,5,25,21,14,20,334,248,250,ODO,2/6/2025,,PBNDS 2011 - 2016 Revised,Pass
HOUSTON CONTRACT DETENTION FACILITY,15850 EXPORT PLAZA DRIVE,HOUSTON,TX,77032,HOU,CDF,Female/Male,52,665,128,41,12,76,426,38,307,35,30,37,745,574,750,ODO,1/30/2025,,PBNDS 2011 - 2016 Revised,Pass
JOE CORLEY PROCESSING CTR,500 HILBIG RD,CONROE,TX,77301,HOU,IGSA,Female/Male,47,677,142,27,17,125,738,0,0,32,25,50,757,717,,ODO,12/19/2024,,NDS 2019,Pass
LIMESTONE COUNTY DETENTION CENTER,910 NORTH TYUS STREET,GROESBECK,TX,76642,HOU,USMS IGA,Male,15,31,16,5,4,13,43,0,0,1,1,2,52,34,,ODO,3/27/2025,,NDS 2019,Pass
MONTGOMERY ICE PROCESSING CENTER,806 HILBIG RD,CONROE,TX,77301,HOU,CDF,Female/Male,26,173,588,334,122,604,493,44,76,198,135,156,728,938,750,ODO,12/5/2024,,PBNDS 2011 - 2016 Revised,Pass
IAH SECURE ADULT DETENTION FACILITY (POLK),3400 FM 350 SOUTH,LIVINGSTON,TX,77351,HOU,DIGSA,Male,42,567,173,62,22,151,672,0,0,41,34,58,691,557,350,ODO,2/13/2025,,NDS 2019,Pass
VICTORIA COUNTY JAIL,101 NORTH GLASS STREET,VICTORIA,TX,77901,HOU,USMS IGA,Female/Male,1,0,2,0,0,0,2,0,0,0,0,0,2,0,,,,,,
ADELANTO ICE PROCESSING CENTER,10250 RANCHO ROAD,ADELANTO,CA,92301,LOS,CDF,Male,27,175,59,159,183,304,219,8,44,140,52,35,348,357,640,ODO,9/18/2025,,PBNDS 2011 - 2016 Revised,Pending Final Report
DESERT VIEW ANNEX,10450 RANCHO ROAD,ADELANTO,CA,92301,LOS,CDF,Male,43,255,49,56,64,126,297,0,0,12,8,12,392,260,480,ODO,2/27/2025,,PBNDS 2011 - 2016 Revised,Pass
BAKER COUNTY SHERIFF DEPT.,1 SHERIFF OFFICE DRIVE,MACCLENNY,FL,32063,MIA,IGSA,Female/Male,32,37,34,109,83,142,60,27,34,18,11,13,220,201,192,ODO,10/24/2024,,NDS 2019,Pass
MIAMI FEDERAL DETENTION,33 NE 4 STREET,MIAMI,FL,33132,MIA,BOP,Female/Male,40,19,10,128,79,126,109,0,0,23,11,6,196,148,,,,,,
COLLIER COUNTY NAPLES JAIL CENTER,3347 TAMIAMI TRAIL E,NAPLES,FL,34112,MIA,IGSA,Female/Male,3,9,2,4,3,9,8,0,1,0,0,0,17,12,,ODO,12/5/2024,,NDS 2019,Pass
GLADES COUNTY DETENTION CENTER,1297 EAST SR 78,MOORE HAVEN,FL,33471,MIA,IGSA,Female/Male,28,51,21,34,26,53,79,0,0,3,3,2,125,91,500,PREOCC,12/17/2025,,,
JTF CAMP SIX,AVENUE C PSC 1005 BOX 55,FPO,FL,34009,MIA,DOD,Male,11,1,0,6,10,12,5,0,0,9,2,1,6,18,,,,,,
KROME NORTH SERVICE PROCESSING CENTER,18201 SW 12TH ST,MIAMI,FL,33194,MIA,SPC,Male,18,271,78,286,271,445,460,1,1,71,23,23,790,655,450,ODO,5/1/2025,,PBNDS 2011 - 2016 Revised,Pass
LAKE COUNTY JAIL,551 W. MAIN ST.,TAVARES,FL,32778,MIA,IGSA,Female/Male,2,0,0,1,0,0,1,0,0,0,0,0,1,1,,,,,,
ORANGE COUNTY JAIL (FL),3855 SOUTH JOHN YOUNG PARKWAY,ORLANDO,FL,32839,MIA,USMS IGA,Female/Male,2,8,5,6,3,6,12,1,3,0,0,0,21,13,,ODO,8/15/2024,Scheduled,NDS 2019,Pass
PINELLAS COUNTY JAIL,14400 49TH STREET NORTH,CLEARWATER,FL,33762,MIA,USMS IGA,Female/Male,2,7,4,4,1,6,9,0,1,0,0,0,16,10,,ODO,5/15/2025,,NDS 2019,Pass
SAN JUAN STAGING,"651 FEDERAL DRIVE, SUITE 104",GUAYNABO,PR,965,MIA,STAGING,Female/Male,5,10,1,2,1,4,9,0,1,0,0,0,13,9,100,,,,,
BROWARD TRANSITIONAL CENTER,3900 NORTH POWERLINE ROAD,POMPANO BEACH,FL,33073,MIA,CDF,Female/Male,25,492,147,9,1,112,441,16,81,9,13,24,604,486,700,ODO,12/19/2024,,PBNDS 2011 - 2016 Revised,Pass
WALTON COUNTY JAIL,40 SHERIFF CIR,DEFUNIAK SPRINGS,FL,32433,MIA,USMS IGA,Female/Male,2,6,1,1,1,2,6,0,0,0,0,0,8,4,,,,,,
PHELPS COUNTY JAIL (MO),301 W. 2ND,ROLLA,MO,65401,CHI,USMS IGA,Female/Male,16,11,4,6,2,7,14,0,2,0,1,1,21,17,,,,,,
PIKE COUNTY JAIL,175 PIKE COUNTY BOULEVARD,LORDS VALLEY,PA,18428,PHI,IGSA,Male,44,104,30,33,25,75,117,0,0,13,8,11,161,152,100,ODO,2/27/2025,,PBNDS 2011 - 2016 Revised,Pass
ADAMS COUNTY DET CENTER,20 HOBO FORK RD.,NATCHEZ,MS,39120,NOL,DIGSA,Male,62,"1,870",266,28,7,59,"2,111",0,0,8,13,22,"2,127","1,253","1,100",ODO,1/16/2025,,PBNDS 2011 - 2016 Revised,Pass
ALLEN PARISH PUBLIC SAFETY COMPLEX,7340 HIGHWAY 26 WEST,OBERLIN,LA,70655,NOL,IGSA,Male,68,98,28,31,14,52,119,0,0,16,10,4,142,136,170,ODO,12/12/2024,,PBNDS 2011 - 2016 Revised,Pass
SOUTH LOUISIANA ICE PROCESSING CENTER,3843 STAGG AVENUE,BASILE,LA,70515,NOL,DIGSA,Female/Male,39,600,107,137,46,4,6,138,741,56,29,30,775,662,700,ODO,3/6/2025,,PBNDS 2011 - 2016 Revised,Pass
ETOWAH COUNTY JAIL,827 FORREST AVENUE,GADSDEN,AL,35901,NOL,USMS IGA,Male,6,21,9,11,4,16,23,1,4,0,0,0,43,31,,PREOCC,2/10/2025,,,
HANCOCK COUNTY PUBLIC SAFETY COMPLEX,8450 HIGHWAY 90,BAY ST. LOUIS,MS,39520,NOL,IGSA,Female/Male,2,13,6,4,1,5,16,0,2,0,0,0,23,17,,ODO,5/8/2025,,NDS 2019,Pass
CENTRAL LOUISIANA ICE PROCESSING CENTER (CLIPC),830 PINEHILL ROAD,JENA,LA,71342,NOL,DIGSA,Female/Male,45,422,224,334,201,481,699,1,1,85,52,70,975,"1,003","1,170",ODO,1/9/2025,,PBNDS 2011 - 2016 Revised,Pass
ALEXANDRIA STAGING FACILI,96 GEORGE THOMPSON DR.,ALEXANDRIA,LA,71303,NOL,STAGING,Male,3,162,53,73,50,138,200,0,0,45,27,36,229,318,,ODO,2/27/2025,,PBNDS 2011 - 2016 Revised,Pass
JACKSON PARISH CORRECTIONAL CENTER,327 INDUSTRIAL DRIVE,JONESBORO,LA,71251,NOL,DIGSA,Male,38,921,125,7,3,61,990,1,4,10,7,24,"1,015",678,500,ODO,12/12/2024,,PBNDS 2011 - 2016 Revised,Pass
KNOX COUNTY DETENTION FACILITY,5001 MALONEYVILLE RD,KNOXVILLE,TN,37918,NOL,USMS IGA,Female/Male,4,12,8,7,3,14,14,1,2,0,0,0,29,21,,ODO,9/26/2024,,NDS 2019,Pass
WINN CORRECTIONAL CENTER,560 GUM SPRING ROAD,WINNFIELD,LA,71483,NOL,DIGSA,Male,57,969,211,242,142,376,"1,188",1,1,92,60,63,"1,350","1,253",946,ODO,1/16/2025,,PBNDS 2011 - 2016 Revised,Pass
LOUISIANA ICE PROCESSING,18198 TUNICA TRACE BLDG E,ANGOLA,LA,70712,NOL,IGSA,,2,0,0,1,3,4,0,0,0,4,0,0,0,4,,,,,,
MADISON COUNTY JAIL,2935 HIGHWAY 51,CANTON,MS,39046,NOL,USMS IGA,Female/Male,2,3,2,1,1,2,5,0,1,0,0,0,8,6,,ODO,9/26/2024,,NDS 2019,Pass
MILLER COUNTY JAIL,2300 EAST STREET,TEXARKANA,AR,71854,NOL,USMS IGA,Female/Male,2,1,1,1,0,1,1,0,0,0,0,0,2,2,,ODO OASIP,7/31/2025,,FPBDS,Pass
NELSON COLEMAN CORRECTION,5061 HIGHWAY 3127,KILLONA,LA,70057,NOL,USMS IGA,Male,2,1,0,0,0,0,1,0,0,0,0,0,1,1,,,,,,
PICKENS COUNTY DETENTION CENTER,188 CEMETERY ST,CARROLLTON,AL,35447,NOL,IGSA,Female/Male,3,14,11,10,4,14,21,3,2,0,1,1,37,33,,ODO,8/8/2024,,NDS 2019,Pass
PINE PRAIRIE ICE PROCESSING CENTER,1133 HAMPTON DUPRE ROAD,PINE PRAIRIE,LA,70576,NOL,DIGSA,Male,12,367,146,166,109,290,496,0,1,51,31,37,668,731,,ODO,4/10/2025,,PBNDS 2011 - 2016 Revised,Pass
PUTNAM COUNTY SHERIFF,421 E SPRING ST.,COOKEVILLE,TN,38501,NOL,USMS IGA,,2,2,2,1,1,3,3,0,0,0,0,0,6,4,,,,,,
RIVER CORRECTIONAL CENTER,26362 HIGHWAY 15,FERRIDAY,LA,71334,NOL,DIGSA,Male,78,470,76,8,2,32,523,0,1,4,6,13,533,412,361,ODO,11/21/2024,,PBNDS 2011 - 2016 Revised,Pass
RICHWOOD CORRECTIONAL CENTER,180 PINE BAYOU CIRCLE,MONROE,LA,71202,NOL,DIGSA,Female/Male,48,806,70,40,27,68,126,26,723,31,16,27,868,616,677,ODO,11/7/2024,,PBNDS 2011 - 2016 Revised,Pass
SEBASTIAN COUNTY DETENTION CENTER,801 SOUTH A STREET,FORT SMITH,AR,72901,NOL,USMS IGA,Female/Male,2,1,0,0,0,1,1,0,0,0,0,0,2,1,,ODO,6/12/2025,,NDS 2019,Pass
WASHINGTON COUNTY DETENTION CENTER,1155 WEST CLYDESDALE DRIVE,FAYETTEVILLE,AR,72701,NOL,USMS IGA,Female/Male,2,1,2,2,1,2,3,0,0,0,0,0,5,4,,ODO,4/24/2025,,NDS 2019,Pass
PLYMOUTH COUNTY CORRECTIONAL FACILITY,26 LONG POND ROAD,PLYMOUTH,MA,2360,BOS,IGSA,Male,37,172,27,143,107,146,302,0,1,34,13,11,392,311,,ODO,11/21/2024,,NDS 2019,Pass
SAUK COUNTY SHERIFF,1300 LANGE CT.,BARABOO,WI,53913,CHI,USMS IGA,Female/Male,7,1,1,1,0,1,1,0,0,0,0,0,2,1,,,,,,
SENECA COUNTY JAIL,3040 SOUTH STATE HIGHWAY 100,TIFFIN,OH,44883,DET,IGSA,Female/Male,38,26,11,11,11,29,27,2,2,6,2,3,49,49,,ODO,10/31/2024,,NDS 2019,Pass
SOUTH CENTRAL REGIONAL JAIL,1001 CENTER WAY,CHARLESTON,WV,25309,PHI,IGSA,Male,11,5,3,4,1,5,8,0,0,0,1,1,11,10,,ODO,9/26/2024,Scheduled,NDS 2019,Pass
ST. CLAIR COUNTY JAIL,1170 MICHIGAN ROAD,PORT HURON,MI,48060,DET,IGSA,Male,44,39,12,8,6,20,45,0,0,4,4,3,54,57,,ODO,9/19/2024,Scheduled,NDS 2019,Pass
STE. GENEVIEVE COUNTY SHERIFF/JAIL,5 BASLER DR.,STE. GENEVIEVE,MO,63670,CHI,USMS IGA,Female/Male,17,17,10,10,3,13,23,0,3,1,0,2,37,29,,,,,,
STRAFFORD COUNTY CORRECTIONS,266 COUNTY FARM ROAD,DOVER,NH,3820,BOS,IGSA,Female/Male,52,17,2,54,39,44,53,5,10,10,4,5,94,75,,ODO,3/27/2025,,NDS 2019,Pass
TWO BRIDGES REGIONAL JAIL,522 BATH RD,WISCASSET,ME,4578,BOS,USMS IGA,Male,50,0,0,5,6,5,6,0,0,2,0,1,8,8,,,,,,
WAUKESHA COUNTY JAIL,515 WEST MORELAND,WAUKESHA,WI,53186,CHI,USMS IGA,Female/Male,2,1,0,1,0,1,1,0,0,0,0,0,2,1,,ORSA,7/10/2025,,ORSA NDS 2019,Pass
WYATT DETENTION CENTER,950 HIGH STREET,CENTRAL FALLS,RI,2863,BOS,USMS IGA,Male,41,21,4,46,41,51,57,2,2,10,2,1,98,87,,ODO,9/19/2024,,NDS 2019,Pass
"CCA, FLORENCE CORRECTIONAL CENTER",1100 BOWLING ROAD,FLORENCE,AZ,85232,PHO,USMS IGA,Male,56,95,51,174,152,285,187,0,0,43,17,22,390,352,,ODO,12/12/2024,,NDS 2019,Pass
ELOY FEDERAL CONTRACT FACILITY,1705 EAST HANNA RD.,ELOY,AZ,85131,PHO,DIGSA,Female/Male,44,"1,003",90,154,154,206,559,102,535,119,57,90,"1,136",918,900,ODO,10/31/2024,,PBNDS 2011 - 2016 Revised,Pass
FLORENCE SERVICE PROCESSING CENTER,3250 NORTH PINAL PARKWAY,FLORENCE,AZ,85132,PHO,SPC,Male,12,295,86,4,3,98,290,0,1,2,5,31,350,267,392,ODO,2/13/2025,,PBNDS 2011 - 2016 Revised,Pass
FLORENCE STAGING FACILITY,3250 NORTH PINAL PARKWAY,FLORENCE,AZ,85232,PHO,STAGING,Male,2,98,49,35,16,77,112,4,6,5,4,6,183,159,,ODO,6/14/2024,,PBNDS 2011 - 2016 Revised,Pass
LA PAZ COUNTY ADULT DETENTION FACILITY,1109 ARIZONA AVE.,PARKER,AZ,85344,PHO,USMS IGA,Female/Male,2,0,1,0,0,1,0,0,0,0,0,0,1,1,,ODO,7/31/2024,,NDS 2019,Pass
NORTHWEST ICE PROCESSSING CENTER,1623 E. J STREET,TACOMA,WA,98421,SEA,CDF,Female/Male,69,597,134,235,214,413,640,47,80,154,40,31,955,965,"1,181",ODO,1/30/2025,,PBNDS 2011 - 2016 Revised,Pass
HONOLULU FEDERAL DETENTION CENTER,351 ELLIOTT ST.,HONOLULU,HI,96819,SFR,BOP,Female/Male,43,10,17,17,4,21,20,1,6,11,5,3,28,35,,,,,,
MESA VERDE ICE PROCESSING CENTER,425 GOLDEN STATE AVE,BAKERSFIELD,CA,93301,SFR,CDF,Female/Male,66,56,13,23,41,68,42,3,20,4,2,2,125,83,320,ODO,4/17/2025,,PBNDS 2011 - 2016 Revised,Pass
CALIFORNIA CITY CORRECTIONAL CENTER,22844 VIRGINIA BOULEVARD,CALIFORNIA CITY,CA,93505,SFR,CDF,Female/Male,5,9,1,4,6,9,10,0,0,7,1,1,10,8,,Pre-Occ,4/18/2025,,NDS 2019,Pass
GOLDEN STATE ANNEX,611 FRONTAGE RD,MCFARLAND,CA,93250,SFR,CDF,Female/Male,111,215,67,140,174,297,299,0,0,45,13,10,528,371,560,ODO,1/30/2025,,PBNDS 2011 - 2016 Revised,Pass
DEPARTMENT OF CORRECTIONS HAGATNA,203 ASPINAL AVE. PO BOX 3236,HAGATNA,GU,96910,SFR,USMS IGA,Male,37,1,4,3,0,4,4,0,0,3,1,0,4,5,,ORSA,4/11/2025,,ORSA NDS 2019,Pass
SAIPAN DEPARTMENT OF CORRECTIONS (SUSUPE),"VICENTE T. SEMAN BLDG, CIVIC CENTER",SAIPAN,MP,96950,SFR,USMS IGA,Female/Male,39,3,4,1,0,3,4,1,1,3,1,0,6,8,,ORSA,4/11/2025,,ORSA NDS 2019,Pass
ELMORE COUNTY JAIL,2255 E. 8TH NORTH,MOUNTAIN HOME,ID,83647,SLC,USMS IGA,Female/Male,3,1,1,0,0,1,0,0,0,0,0,0,1,1,,ODO,8/20/2025,,FPBDS,Pending Final Report
HENDERSON DETENTION,18 E BASIC ROAD,HENDERSON,NV,89015,SLC,USMS IGA,Female/Male,21,22,24,22,9,33,27,9,9,9,6,5,58,62,,ODO,3/21/2024,,NDS 2019,Pass
JEFFERSON COUNTY JAIL,219 EAST FREMONT AVENUE,RIGBY,ID,83442,SLC,IGSA,Female/Male,3,1,2,1,1,4,1,0,0,0,0,0,5,4,,ODO,7/18/2024,,NDS 2019,Pass
NEVADA SOUTHERN DETENTION CENTER,2190 EAST MESQUITE AVENUE,PAHRUMP,NV,89060,SLC,USMS CDF,Male,31,129,116,74,45,218,146,0,0,50,24,29,262,282,,ODO,3/27/2025,,NDS 2019,Pass
SALT LAKE COUNTY METRO JAIL,3415 SOUTH 900 WEST,SALT LAKE CITY,UT,84119,SLC,USMS IGA,Female/Male,2,1,5,0,0,4,2,0,0,1,0,0,6,6,,ODO,9/27/2024,,NDS 2019,Fail
TOOELE COUNTY JAIL,47 SOUTH MAIN STREET,TOOELE,UT,84074,SLC,USMS IGA,Female/Male,2,1,1,0,0,1,1,0,0,0,0,0,3,2,,ORSA,12/5/2024,,ORSA NDS 2019,Pass
UINTA COUNTY JAIL,77 COUNTY ROAD 109,EVANSTON,WY,82930,SLC,USMS IGA,Female/Male,3,2,2,0,0,2,2,0,0,0,0,0,5,3,,Pre-Occ,6/23/2025,,FPBDS,Pass
WASHINGTON COUNTY JAIL (PURGATORY CORRECTIONAL FAC,750 SOUTH 5300 WEST,HURRICANE,UT,84737,SLC,USMS IGA,Female/Male,6,1,2,0,0,2,1,0,0,0,0,0,3,2,,ORSA,,,ORSA NDS 2019,Pass
WASHOE COUNTY JAIL,911 PARR BLVD 775 328 3308,RENO,NV,89506,SLC,USMS IGA,Female/Male,8,2,4,6,5,11,4,0,0,3,1,1,11,13,,ODO,11/7/2024,,NDS 2019,Pass
T DON HUTTO DETENTION CENTER,1001 WELCH STREET,TAYLOR,TX,76574,SNA,DIGSA,Male,49,199,41,119,70,232,196,0,0,67,54,91,216,340,461,ODO,12/19/2024,,PBNDS 2011 - 2016 Revised,Pass
KARNES COUNTY IMMIGRATION PROCESSING CENTER,409 FM 1144,KARNES CITY,TX,78118,SNA,DIGSA,Female/Male,34,887,78,3,0,58,629,22,260,1,7,44,916,615,928,ODO,6/5/2025,,PBNDS 2011 - 2016 Revised,Pass
LA SALLE COUNTY REGIONAL DETENTION CENTER,832 EAST TEXAS STATE HIGHWAY 44,ENCINAL,TX,78019,SNA,USMS IGA,Male,33,98,4,0,0,10,89,1,2,0,0,2,100,65,,ORSA,2/7/2025,,ORSA NDS 2019,Pending Final Rating
SOUTH TEXAS ICE PROCESSING CENTER,566 VETERANS DRIVE,PEARSALL,TX,78061,SNA,CDF,Female/Male,54,"1,173",180,239,102,456,"1,173",33,33,109,91,217,"1,278","1,267","1,350",ODO,2/6/2025,,PBNDS 2011 - 2016 Revised,Pass
DILLEY IMMIGRATION PROCESSING CENTER,300 EL RANCHO WAY,DILLEY,TX,78017,SNA,FAMILY,Female/Male,20,160,1,0,0,1,71,1,90,0,0,1,161,110,"1,920",ODO,,,FRS,Pass
OTAY MESA DETENTION CENTER,7488 CALZADA DE LA FUENTE,SAN DIEGO,CA,92154,SND,CDF,Female/Male,33,829,423,70,67,208,917,19,245,77,34,42,"1,237",717,750,ODO,11/7/2024,,PBNDS 2011 - 2016 Revised,Pass
IMPERIAL REGIONAL DETENTION FACILITY,1572 GATEWAY,CALEXICO,CA,92231,SND,CDF,Female/Male,61,549,39,34,42,100,505,2,57,32,15,15,602,305,640,ODO,1/16/2025,,PBNDS 2011 - 2016 Revised,Pass
SAN LUIS REGIONAL DETENTION CENTER,406 NORTH AVENUE D,SAN LUIS,AZ,85349,SND,IGSA,Female/Male,18,157,42,11,19,35,147,3,43,15,3,3,207,159,100,ODO,9/26/2024,,NDS 2019,Pass
BURLEIGH COUNTY,P.O. BOX 1416,BISMARCK,ND,58502,SPM,USMS IGA,Female/Male,16,3,2,1,0,2,4,0,1,0,1,0,6,5,,,,,,
CASS COUNTY JAIL,336 MAIN STREET,PLATTSMOUTH,NE,68048,SPM,USMS IGA,Female/Male,21,3,2,3,1,5,2,0,1,1,0,1,6,5,,,,,,
DAKOTA COUNTY JAIL,1601 BROADWAY,DAKOTA CITY,NE,68731,SPM,USMS IGA,Female/Male,18,5,7,8,3,14,6,1,2,1,1,1,20,19,,ORSA,12/7/2024,,ORSA NDS 2019,Pass
DOUGLAS COUNTY,1409 HAMMOND AVENUE,SUPERIOR,WI,54880,SPM,USMS IGA,Female/Male,4,1,2,1,0,1,2,0,0,0,0,0,3,1,,ORSA,2/10/2025,,ORSA NDS 2019,Pending Final Rating
FREEBORN COUNTY ADULT DETENTION CENTER,411 SOUTH BROADWAY AVENUE,ALBERT LEA,MN,56007,SPM,IGSA,Male,38,16,16,38,12,45,37,0,0,10,4,3,64,66,,ODO,3/6/2025,,NDS 2019,Pass
GRAND FORKS COUNTY CORRECTIONAL FACILITY,1701 NORTH WASHINGTON ST,GRAND FORKS,ND,58203,SPM,USMS IGA,Female/Male,8,2,2,4,0,4,4,0,0,0,0,1,7,6,,ODO,7/11/2024,,NDS 2019,Pass
HARDIN COUNTY JAIL,1116 14TH AVENUE,ELDORA,IA,50627,SPM,IGSA,Female/Male,17,3,3,4,1,5,4,0,1,1,1,1,8,9,,,,,,
HALL COUNTY DEPARTMENT OF CORRECTIONS,110 PUBLIC SAFETY DRIVE,GRAND ISLAND,NE,68801,SPM,IGSA,Female/Male,6,1,0,0,0,1,1,0,0,0,0,0,1,1,,ODO,,,NDS 2019,Pass
KANDIYOHI COUNTY JAIL,2201 23RD ST NE,WILLMAR,MN,56201,SPM,IGSA,Female/Male,41,34,24,65,22,69,63,7,5,20,9,8,107,113,,ODO,3/13/2025,,NDS 2019,Pass
LINCOLN COUNTY JAIL,3020 N JEFFERS,NORTH PLATTE,NE,69101,SPM,USMS IGA,Female/Male,19,10,2,4,3,7,6,0,6,1,1,1,15,10,,ORSA,12/23/2024,,ORSA NDS 2019,Pending Final Rating
LINN COUNTY JAIL,53 3RD AVENUE BRIDGE,CEDAR RAPIDS,IA,52401,SPM,USMS IGA,Female/Male,16,3,3,3,1,5,4,0,0,0,0,1,7,6,,ODO,,,NDS 2019,Pass
MINNEHAHA COUNTY JAIL,500 NORTH MINNESOTA AVENUE,SIOUX FALLS,SD,57104,SPM,USMS IGA,Female/Male,3,1,1,0,0,1,2,0,0,0,0,0,2,1,,ORSA,12/6/2024,,ORSA NDS 2019,Pass
MUSCATINE COUNTY JAIL,400 WALNUT STREET,MUSCATINE,IA,52761,SPM,USMS IGA,Female/Male,17,4,5,1,2,6,5,0,1,2,0,1,9,10,,,,,,
NORTHWEST REGIONAL CORRECTIONS CENTER,"816 MARIN AVE., SUITE 110",CROOKSTON,MN,56716,SPM,USMS IGA,Female/Male,9,2,1,1,0,1,3,0,1,0,0,0,4,3,,ORSA,10/3/2024,,ORSA NDS 2019,Pass
PENNINGTON COUNTY JAIL (SOUTH DAKOTA),300 KANSAS CITY STREET NONE,RAPID CITY,SD,57701,SPM,USMS IGA,Female/Male,7,1,1,1,0,1,2,0,0,0,0,0,3,2,,ORSA,,,ORSA NDS 2019,Pass
PHELPS COUNTY JAIL (NE),715 5TH AVENUE,HOLDREGE,NE,68949,SPM,USMS IGA,Female/Male,38,4,6,11,9,23,6,1,0,2,1,1,26,26,,ODO,2/6/2025,,NDS 2019,Pass
POLK COUNTY JAIL,1985 NE 51ST PLACE,DES MOINES,IA,50313,SPM,USMS IGA,Female/Male,27,11,14,10,8,31,11,1,1,3,2,2,37,38,,ODO,2/6/2025,,NDS 2019,Fail
POTTAWATTAMIE COUNTY JAIL,1400 BIG LAKE ROAD,COUNCIL BLUFFS,IA,51501,SPM,USMS IGA,Female/Male,22,5,5,13,14,30,6,1,1,6,2,1,27,31,,ODO,10/24/2024,,NDS 2019,Pass
SARPY COUNTY JAIL,1208 GOLDEN GATE DRIVE,PAPILLION,NE,68046,SPM,USMS IGA,Female/Male,19,1,2,2,1,4,0,0,0,1,1,0,2,3,,,,,,
SHERBURNE COUNTY JAIL,13880 BUSINESS CENTER DRIVE,ELK RIVER,MN,55330,SPM,IGSA,Male,24,12,16,27,7,29,29,3,1,9,4,3,47,50,,ODO,5/2/2024,,NDS 2019,Pass
WARD COUNTY JAIL,P.O. BOX 907,MINOT,ND,58702,SPM,USMS IGA,Female/Male,4,0,0,0,0,0,1,0,0,0,0,0,1,1,,ORSA,12/19/2024,,ORSA NDS 2019,Pending Final Rating
WOODBURY COUNTY JAIL,407 7TH STREET,SIOUX CITY,IA,51101,SPM,USMS IGA,Female/Male,22,9,6,9,5,15,12,0,2,2,1,2,25,21,,ORSA,3/26/2024,,ORSA NDS 2019,Pass
CAROLINE DETENTION FACILITY,11093 S.W. LEWIS MEMORIAL DRIVE,BOWLING GREEN,VA,22427,WAS,DIGSA,Female/Male,46,113,50,70,70,128,160,9,6,32,11,12,247,209,224,ODO,4/17/2025,,PBNDS 2011 - 2016 Revised,Pass
PRINCE EDWARD COUNTY (FARMVILLE),508 WATERWORKS ROAD,FARMVILLE,VA,23901,WAS,DIGSA,Male,42,189,112,161,127,286,303,0,0,45,18,25,502,412,459,ODO,12/19/2024,,PBNDS 2011 - 2016 Revised,Pass
ROCKINGHAM COUNTY JAIL,25 SOUTH LIBERTY STREET,HARRISONBURG,VA,22801,WAS,USMS IGA,Female/Male,2,0,0,0,0,1,0,0,0,0,0,0,1,1,,,,,,
RIVERSIDE REGIONAL JAIL,1000 RIVER ROAD,HOPEWELL,VA,23860,WAS,USMS IGA,Female/Male,3,3,3,0,0,1,6,0,0,0,0,0,7,2,,,,,,
WESTERN VIRGINIA REGIONAL JAIL,5885 W RIVER RD,SALEM,VA,24153,WAS,USMS IGA,Female/Male,2,1,0,0,0,0,1,0,0,0,0,0,1,1,,,,,,
